column,total_values,mad,max_abs_deviation,top_deviation_digit
JEEntryKey,37905,0.18309083132095974,0.8239087409443188,2
JENumber,37905,0.18309083132095974,0.8239087409443188,2
JEIdentifier,37905,0.18309083132095974,0.8239087409443188,2
GLAccountNumber,37850,0.09050917644889438,0.2302777982594006,1
Debit,18951,0.008125339597351329,0.028381077324924564,9
Amount,37905,0.00811550021339198,0.028375209610806196,9
Credit,18954,0.008105662386790023,0.028369342825417504,9
